"","StationCode","AREA_SQKM","New_Lat","New_Long","SITE_ELEV","PPT_00_09","TEMP_00_09","SumAve_P","KFCT_AVE","BDH_AVE","P_MEAN","ELEV_RANGE"
"1","Site1",50.79043286,34.04100316,-118.581497,7.36999989,37106,2156.300049,339.8097,0.3186,1.547466667,0.141666667,770
"2","Site2",52.675497,38.88417077,-119.9778288,1915.97998,69308.39844,1371.900024,4424.4224,0.1194,1.391,0.1537,1347.02002
"3","Site2",13.211252,35.93554569,-121.46781,33.20999908,62932.60156,2092.899902,434.35,0.1839,1.5763,0.1154,1009.790001
